{"Loss/Train":113.43703275638077,"_timestamp":1.747830644088219e+09,"_runtime":1.243227124,"_step":19,"Loss/Valid":6008.155154732028,"_wandb":{"runtime":1}}